area_id,area_name,governorate,wilayat,latitude,longitude,startup_count,business_activity_count,tourism_activity_count,craft_activity_count,startup_category_counts,business_category_counts,tourism_category_counts,craft_category_counts,startups_count,total_businesses,complementary_pois,data_source_notes
al_batinah_north_al_khaburah,Al Khaburah,Al Batinah North,Al Khaburah,,,5,200,33,123,"{""Coffee Shop"":0,""Restaurant"":0,""Bakery"":0,""Abaya Store"":0,""Clothes Store"":0,""Perfume Store"":0,""Salon"":0,""Grocery"":0,""Flower Shop"":0,""Pharmacy"":0,""Bank"":0,""Electronics Store"":4}","{""Coffee Shop"":0,""Restaurant"":0,""Bakery"":0,""Abaya Store"":0,""Clothes Store"":0,""Perfume Store"":0,""Salon"":0,""Grocery"":0,""Flower Shop"":0,""Pharmacy"":0,""Bank"":0,""Electronics Store"":7}","{""Coffee Shop"":0,""Restaurant"":0,""Bakery"":0,""Abaya Store"":0,""Clothes Store"":0,""Perfume Store"":0,""Salon"":0,""Grocery"":0,""Flower Shop"":0,""Pharmacy"":0,""Bank"":0,""Electronics Store"":0}","{""Coffee Shop"":0,""Restaurant"":0,""Bakery"":0,""Abaya Store"":0,""Clothes Store"":21,""Perfume Store"":6,""Salon"":6,""Grocery"":25,""Flower Shop"":1,""Pharmacy"":0,""Bank"":0,""Electronics Store"":0}",5,200,156,Governorate-level data used when wilayat-level data is unavailable. Registered Companies - Category and Governorate uses the latest detected worksheet: 2025.
al_batinah_north_al_suwayq,Al Suwayq,Al Batinah North,Al Suwayq,,,5,200,67,196,"{""Coffee Shop"":0,""Restaurant"":0,""Bakery"":0,""Abaya Store"":0,""Clothes Store"":0,""Perfume Store"":0,""Salon"":0,""Grocery"":0,""Flower Shop"":0,""Pharmacy"":0,""Bank"":0,""Electronics Store"":4}","{""Coffee Shop"":0,""Restaurant"":0,""Bakery"":0,""Abaya Store"":0,""Clothes Store"":0,""Perfume Store"":0,""Salon"":0,""Grocery"":0,""Flower Shop"":0,""Pharmacy"":0,""Bank"":0,""Electronics Store"":7}","{""Coffee Shop"":0,""Restaurant"":0,""Bakery"":0,""Abaya Store"":0,""Clothes Store"":0,""Perfume Store"":0,""Salon"":0,""Grocery"":0,""Flower Shop"":0,""Pharmacy"":0,""Bank"":0,""Electronics Store"":0}","{""Coffee Shop"":0,""Restaurant"":0,""Bakery"":0,""Abaya Store"":0,""Clothes Store"":16,""Perfume Store"":16,""Salon"":16,""Grocery"":61,""Flower Shop"":1,""Pharmacy"":0,""Bank"":0,""Electronics Store"":0}",5,200,263,Governorate-level data used when wilayat-level data is unavailable. Registered Companies - Category and Governorate uses the latest detected worksheet: 2025.
al_batinah_north_liwa,Liwa,Al Batinah North,Liwa,24.5068401,56.5952891,5,200,28,71,"{""Coffee Shop"":0,""Restaurant"":0,""Bakery"":0,""Abaya Store"":0,""Clothes Store"":0,""Perfume Store"":0,""Salon"":0,""Grocery"":0,""Flower Shop"":0,""Pharmacy"":0,""Bank"":0,""Electronics Store"":4}","{""Coffee Shop"":0,""Restaurant"":0,""Bakery"":0,""Abaya Store"":0,""Clothes Store"":0,""Perfume Store"":0,""Salon"":0,""Grocery"":0,""Flower Shop"":0,""Pharmacy"":0,""Bank"":0,""Electronics Store"":7}","{""Coffee Shop"":0,""Restaurant"":0,""Bakery"":0,""Abaya Store"":0,""Clothes Store"":0,""Perfume Store"":0,""Salon"":0,""Grocery"":0,""Flower Shop"":0,""Pharmacy"":0,""Bank"":0,""Electronics Store"":0}","{""Coffee Shop"":0,""Restaurant"":0,""Bakery"":0,""Abaya Store"":0,""Clothes Store"":0,""Perfume Store"":14,""Salon"":14,""Grocery"":23,""Flower Shop"":2,""Pharmacy"":0,""Bank"":0,""Electronics Store"":0}",5,200,99,Governorate-level data used when wilayat-level data is unavailable. Coordinates are retained from the existing oman_locations.csv map reference because the official governorate/wilayat workbook does not include latitude or longitude. Registered Companies - Category and Governorate uses the latest detected worksheet: 2025.
al_batinah_north_saham,Saham,Al Batinah North,Saham,24.1539162,56.8648473,5,200,65,285,"{""Coffee Shop"":0,""Restaurant"":0,""Bakery"":0,""Abaya Store"":0,""Clothes Store"":0,""Perfume Store"":0,""Salon"":0,""Grocery"":0,""Flower Shop"":0,""Pharmacy"":0,""Bank"":0,""Electronics Store"":4}","{""Coffee Shop"":0,""Restaurant"":0,""Bakery"":0,""Abaya Store"":0,""Clothes Store"":0,""Perfume Store"":0,""Salon"":0,""Grocery"":0,""Flower Shop"":0,""Pharmacy"":0,""Bank"":0,""Electronics Store"":7}","{""Coffee Shop"":0,""Restaurant"":0,""Bakery"":0,""Abaya Store"":0,""Clothes Store"":0,""Perfume Store"":0,""Salon"":0,""Grocery"":0,""Flower Shop"":0,""Pharmacy"":0,""Bank"":0,""Electronics Store"":0}","{""Coffee Shop"":0,""Restaurant"":0,""Bakery"":0,""Abaya Store"":0,""Clothes Store"":6,""Perfume Store"":19,""Salon"":19,""Grocery"":68,""Flower Shop"":5,""Pharmacy"":0,""Bank"":0,""Electronics Store"":0}",5,200,350,Governorate-level data used when wilayat-level data is unavailable. Coordinates are retained from the existing oman_locations.csv map reference because the official governorate/wilayat workbook does not include latitude or longitude. Registered Companies - Category and Governorate uses the latest detected worksheet: 2025.
al_batinah_north_shinas,Shinas,Al Batinah North,Shinas,24.7242467,56.4607919,5,200,42,108,"{""Coffee Shop"":0,""Restaurant"":0,""Bakery"":0,""Abaya Store"":0,""Clothes Store"":0,""Perfume Store"":0,""Salon"":0,""Grocery"":0,""Flower Shop"":0,""Pharmacy"":0,""Bank"":0,""Electronics Store"":4}","{""Coffee Shop"":0,""Restaurant"":0,""Bakery"":0,""Abaya Store"":0,""Clothes Store"":0,""Perfume Store"":0,""Salon"":0,""Grocery"":0,""Flower Shop"":0,""Pharmacy"":0,""Bank"":0,""Electronics Store"":7}","{""Coffee Shop"":0,""Restaurant"":0,""Bakery"":0,""Abaya Store"":0,""Clothes Store"":0,""Perfume Store"":0,""Salon"":0,""Grocery"":0,""Flower Shop"":0,""Pharmacy"":0,""Bank"":0,""Electronics Store"":0}","{""Coffee Shop"":0,""Restaurant"":0,""Bakery"":0,""Abaya Store"":0,""Clothes Store"":3,""Perfume Store"":20,""Salon"":20,""Grocery"":39,""Flower Shop"":2,""Pharmacy"":0,""Bank"":0,""Electronics Store"":0}",5,200,150,Governorate-level data used when wilayat-level data is unavailable. Coordinates are retained from the existing oman_locations.csv map reference because the official governorate/wilayat workbook does not include latitude or longitude. Registered Companies - Category and Governorate uses the latest detected worksheet: 2025.
al_batinah_north_sohar,Sohar,Al Batinah North,Sohar,24.3500672,56.7133258,5,200,202,342,"{""Coffee Shop"":0,""Restaurant"":0,""Bakery"":0,""Abaya Store"":0,""Clothes Store"":0,""Perfume Store"":0,""Salon"":0,""Grocery"":0,""Flower Shop"":0,""Pharmacy"":0,""Bank"":0,""Electronics Store"":4}","{""Coffee Shop"":0,""Restaurant"":0,""Bakery"":0,""Abaya Store"":0,""Clothes Store"":0,""Perfume Store"":0,""Salon"":0,""Grocery"":0,""Flower Shop"":0,""Pharmacy"":0,""Bank"":0,""Electronics Store"":7}","{""Coffee Shop"":0,""Restaurant"":0,""Bakery"":0,""Abaya Store"":0,""Clothes Store"":0,""Perfume Store"":0,""Salon"":0,""Grocery"":0,""Flower Shop"":0,""Pharmacy"":0,""Bank"":0,""Electronics Store"":0}","{""Coffee Shop"":0,""Restaurant"":0,""Bakery"":0,""Abaya Store"":0,""Clothes Store"":8,""Perfume Store"":35,""Salon"":35,""Grocery"":107,""Flower Shop"":2,""Pharmacy"":0,""Bank"":0,""Electronics Store"":0}",5,200,544,Governorate-level data used when wilayat-level data is unavailable. Coordinates are retained from the existing oman_locations.csv map reference because the official governorate/wilayat workbook does not include latitude or longitude. Registered Companies - Category and Governorate uses the latest detected worksheet: 2025.
al_batinah_south_al_awabi,Al Awabi,Al Batinah South,Al Awabi,23.3078432,57.536292,6,159,3,31,"{""Coffee Shop"":0,""Restaurant"":0,""Bakery"":0,""Abaya Store"":0,""Clothes Store"":0,""Perfume Store"":0,""Salon"":0,""Grocery"":0,""Flower Shop"":0,""Pharmacy"":0,""Bank"":0,""Electronics Store"":3}","{""Coffee Shop"":0,""Restaurant"":0,""Bakery"":0,""Abaya Store"":0,""Clothes Store"":0,""Perfume Store"":0,""Salon"":0,""Grocery"":0,""Flower Shop"":0,""Pharmacy"":0,""Bank"":0,""Electronics Store"":7}","{""Coffee Shop"":0,""Restaurant"":0,""Bakery"":0,""Abaya Store"":0,""Clothes Store"":0,""Perfume Store"":0,""Salon"":0,""Grocery"":0,""Flower Shop"":0,""Pharmacy"":0,""Bank"":0,""Electronics Store"":0}","{""Coffee Shop"":0,""Restaurant"":0,""Bakery"":0,""Abaya Store"":0,""Clothes Store"":1,""Perfume Store"":3,""Salon"":3,""Grocery"":3,""Flower Shop"":0,""Pharmacy"":0,""Bank"":0,""Electronics Store"":0}",6,159,34,Governorate-level data used when wilayat-level data is unavailable. Coordinates are retained from the existing oman_locations.csv map reference because the official governorate/wilayat workbook does not include latitude or longitude. Registered Companies - Category and Governorate uses the latest detected worksheet: 2025.
al_batinah_south_al_rustaq,Al Rustaq,Al Batinah South,Al Rustaq,23.4425277,57.4344451,6,159,59,213,"{""Coffee Shop"":0,""Restaurant"":0,""Bakery"":0,""Abaya Store"":0,""Clothes Store"":0,""Perfume Store"":0,""Salon"":0,""Grocery"":0,""Flower Shop"":0,""Pharmacy"":0,""Bank"":0,""Electronics Store"":3}","{""Coffee Shop"":0,""Restaurant"":0,""Bakery"":0,""Abaya Store"":0,""Clothes Store"":0,""Perfume Store"":0,""Salon"":0,""Grocery"":0,""Flower Shop"":0,""Pharmacy"":0,""Bank"":0,""Electronics Store"":7}","{""Coffee Shop"":0,""Restaurant"":0,""Bakery"":0,""Abaya Store"":0,""Clothes Store"":0,""Perfume Store"":0,""Salon"":0,""Grocery"":0,""Flower Shop"":0,""Pharmacy"":0,""Bank"":0,""Electronics Store"":0}","{""Coffee Shop"":0,""Restaurant"":0,""Bakery"":0,""Abaya Store"":0,""Clothes Store"":5,""Perfume Store"":15,""Salon"":15,""Grocery"":50,""Flower Shop"":3,""Pharmacy"":0,""Bank"":0,""Electronics Store"":0}",6,159,272,Governorate-level data used when wilayat-level data is unavailable. Coordinates are retained from the existing oman_locations.csv map reference because the official governorate/wilayat workbook does not include latitude or longitude. Registered Companies - Category and Governorate uses the latest detected worksheet: 2025.
al_batinah_south_barka,Barka,Al Batinah South,Barka,23.6837432,57.9048938,6,159,153,227,"{""Coffee Shop"":0,""Restaurant"":0,""Bakery"":0,""Abaya Store"":0,""Clothes Store"":0,""Perfume Store"":0,""Salon"":0,""Grocery"":0,""Flower Shop"":0,""Pharmacy"":0,""Bank"":0,""Electronics Store"":3}","{""Coffee Shop"":0,""Restaurant"":0,""Bakery"":0,""Abaya Store"":0,""Clothes Store"":0,""Perfume Store"":0,""Salon"":0,""Grocery"":0,""Flower Shop"":0,""Pharmacy"":0,""Bank"":0,""Electronics Store"":7}","{""Coffee Shop"":0,""Restaurant"":0,""Bakery"":0,""Abaya Store"":0,""Clothes Store"":0,""Perfume Store"":0,""Salon"":0,""Grocery"":0,""Flower Shop"":0,""Pharmacy"":0,""Bank"":0,""Electronics Store"":0}","{""Coffee Shop"":0,""Restaurant"":0,""Bakery"":0,""Abaya Store"":0,""Clothes Store"":1,""Perfume Store"":30,""Salon"":30,""Grocery"":66,""Flower Shop"":3,""Pharmacy"":0,""Bank"":0,""Electronics Store"":0}",6,159,380,Governorate-level data used when wilayat-level data is unavailable. Coordinates are retained from the existing oman_locations.csv map reference because the official governorate/wilayat workbook does not include latitude or longitude. Registered Companies - Category and Governorate uses the latest detected worksheet: 2025.
al_batinah_south_mukhaylif,Mukhaylif,Al Batinah South,Mukhaylif,,,6,159,6,40,"{""Coffee Shop"":0,""Restaurant"":0,""Bakery"":0,""Abaya Store"":0,""Clothes Store"":0,""Perfume Store"":0,""Salon"":0,""Grocery"":0,""Flower Shop"":0,""Pharmacy"":0,""Bank"":0,""Electronics Store"":3}","{""Coffee Shop"":0,""Restaurant"":0,""Bakery"":0,""Abaya Store"":0,""Clothes Store"":0,""Perfume Store"":0,""Salon"":0,""Grocery"":0,""Flower Shop"":0,""Pharmacy"":0,""Bank"":0,""Electronics Store"":7}","{""Coffee Shop"":0,""Restaurant"":0,""Bakery"":0,""Abaya Store"":0,""Clothes Store"":0,""Perfume Store"":0,""Salon"":0,""Grocery"":0,""Flower Shop"":0,""Pharmacy"":0,""Bank"":0,""Electronics Store"":0}","{""Coffee Shop"":0,""Restaurant"":0,""Bakery"":0,""Abaya Store"":0,""Clothes Store"":0,""Perfume Store"":4,""Salon"":4,""Grocery"":9,""Flower Shop"":3,""Pharmacy"":0,""Bank"":0,""Electronics Store"":0}",6,159,46,Governorate-level data used when wilayat-level data is unavailable. Registered Companies - Category and Governorate uses the latest detected worksheet: 2025.
al_batinah_south_musuna,Musuna,Al Batinah South,Musuna,,,6,159,61,149,"{""Coffee Shop"":0,""Restaurant"":0,""Bakery"":0,""Abaya Store"":0,""Clothes Store"":0,""Perfume Store"":0,""Salon"":0,""Grocery"":0,""Flower Shop"":0,""Pharmacy"":0,""Bank"":0,""Electronics Store"":3}","{""Coffee Shop"":0,""Restaurant"":0,""Bakery"":0,""Abaya Store"":0,""Clothes Store"":0,""Perfume Store"":0,""Salon"":0,""Grocery"":0,""Flower Shop"":0,""Pharmacy"":0,""Bank"":0,""Electronics Store"":7}","{""Coffee Shop"":0,""Restaurant"":0,""Bakery"":0,""Abaya Store"":0,""Clothes Store"":0,""Perfume Store"":0,""Salon"":0,""Grocery"":0,""Flower Shop"":0,""Pharmacy"":0,""Bank"":0,""Electronics Store"":0}","{""Coffee Shop"":0,""Restaurant"":0,""Bakery"":0,""Abaya Store"":0,""Clothes Store"":6,""Perfume Store"":15,""Salon"":15,""Grocery"":29,""Flower Shop"":1,""Pharmacy"":0,""Bank"":0,""Electronics Store"":0}",6,159,210,Governorate-level data used when wilayat-level data is unavailable. Registered Companies - Category and Governorate uses the latest detected worksheet: 2025.
al_batinah_south_nakhal,Nakhal,Al Batinah South,Nakhal,23.3942423,57.8197188,6,159,16,38,"{""Coffee Shop"":0,""Restaurant"":0,""Bakery"":0,""Abaya Store"":0,""Clothes Store"":0,""Perfume Store"":0,""Salon"":0,""Grocery"":0,""Flower Shop"":0,""Pharmacy"":0,""Bank"":0,""Electronics Store"":3}","{""Coffee Shop"":0,""Restaurant"":0,""Bakery"":0,""Abaya Store"":0,""Clothes Store"":0,""Perfume Store"":0,""Salon"":0,""Grocery"":0,""Flower Shop"":0,""Pharmacy"":0,""Bank"":0,""Electronics Store"":7}","{""Coffee Shop"":0,""Restaurant"":0,""Bakery"":0,""Abaya Store"":0,""Clothes Store"":0,""Perfume Store"":0,""Salon"":0,""Grocery"":0,""Flower Shop"":0,""Pharmacy"":0,""Bank"":0,""Electronics Store"":0}","{""Coffee Shop"":0,""Restaurant"":0,""Bakery"":0,""Abaya Store"":0,""Clothes Store"":0,""Perfume Store"":5,""Salon"":5,""Grocery"":11,""Flower Shop"":2,""Pharmacy"":0,""Bank"":0,""Electronics Store"":0}",6,159,54,Governorate-level data used when wilayat-level data is unavailable. Coordinates are retained from the existing oman_locations.csv map reference because the official governorate/wilayat workbook does not include latitude or longitude. Registered Companies - Category and Governorate uses the latest detected worksheet: 2025.
al_buraimi_al_buraimi,Al Buraimi,Al Buraimi,Al Buraimi,24.2815207,55.8245558,1,38,98,293,"{""Coffee Shop"":0,""Restaurant"":0,""Bakery"":0,""Abaya Store"":0,""Clothes Store"":0,""Perfume Store"":0,""Salon"":0,""Grocery"":0,""Flower Shop"":0,""Pharmacy"":0,""Bank"":0,""Electronics Store"":0}","{""Coffee Shop"":0,""Restaurant"":0,""Bakery"":0,""Abaya Store"":0,""Clothes Store"":0,""Perfume Store"":0,""Salon"":0,""Grocery"":0,""Flower Shop"":0,""Pharmacy"":0,""Bank"":0,""Electronics Store"":2}","{""Coffee Shop"":0,""Restaurant"":0,""Bakery"":0,""Abaya Store"":0,""Clothes Store"":0,""Perfume Store"":0,""Salon"":0,""Grocery"":0,""Flower Shop"":0,""Pharmacy"":0,""Bank"":0,""Electronics Store"":0}","{""Coffee Shop"":0,""Restaurant"":0,""Bakery"":0,""Abaya Store"":0,""Clothes Store"":3,""Perfume Store"":15,""Salon"":15,""Grocery"":63,""Flower Shop"":7,""Pharmacy"":0,""Bank"":0,""Electronics Store"":0}",1,38,391,Governorate-level data used when wilayat-level data is unavailable. Coordinates are retained from the existing oman_locations.csv map reference because the official governorate/wilayat workbook does not include latitude or longitude. Registered Companies - Category and Governorate uses the latest detected worksheet: 2025.
al_buraimi_al_senyna,Al Senyna,Al Buraimi,Al Senyna,,,1,38,0,0,"{""Coffee Shop"":0,""Restaurant"":0,""Bakery"":0,""Abaya Store"":0,""Clothes Store"":0,""Perfume Store"":0,""Salon"":0,""Grocery"":0,""Flower Shop"":0,""Pharmacy"":0,""Bank"":0,""Electronics Store"":0}","{""Coffee Shop"":0,""Restaurant"":0,""Bakery"":0,""Abaya Store"":0,""Clothes Store"":0,""Perfume Store"":0,""Salon"":0,""Grocery"":0,""Flower Shop"":0,""Pharmacy"":0,""Bank"":0,""Electronics Store"":2}","{""Coffee Shop"":0,""Restaurant"":0,""Bakery"":0,""Abaya Store"":0,""Clothes Store"":0,""Perfume Store"":0,""Salon"":0,""Grocery"":0,""Flower Shop"":0,""Pharmacy"":0,""Bank"":0,""Electronics Store"":0}","{""Coffee Shop"":0,""Restaurant"":0,""Bakery"":0,""Abaya Store"":0,""Clothes Store"":0,""Perfume Store"":0,""Salon"":0,""Grocery"":0,""Flower Shop"":0,""Pharmacy"":0,""Bank"":0,""Electronics Store"":0}",1,38,0,Governorate-level data used when wilayat-level data is unavailable. Registered Companies - Category and Governorate uses the latest detected worksheet: 2025.
al_buraimi_mahabth,Mahabth,Al Buraimi,Mahabth,,,1,38,4,10,"{""Coffee Shop"":0,""Restaurant"":0,""Bakery"":0,""Abaya Store"":0,""Clothes Store"":0,""Perfume Store"":0,""Salon"":0,""Grocery"":0,""Flower Shop"":0,""Pharmacy"":0,""Bank"":0,""Electronics Store"":0}","{""Coffee Shop"":0,""Restaurant"":0,""Bakery"":0,""Abaya Store"":0,""Clothes Store"":0,""Perfume Store"":0,""Salon"":0,""Grocery"":0,""Flower Shop"":0,""Pharmacy"":0,""Bank"":0,""Electronics Store"":2}","{""Coffee Shop"":0,""Restaurant"":0,""Bakery"":0,""Abaya Store"":0,""Clothes Store"":0,""Perfume Store"":0,""Salon"":0,""Grocery"":0,""Flower Shop"":0,""Pharmacy"":0,""Bank"":0,""Electronics Store"":0}","{""Coffee Shop"":0,""Restaurant"":0,""Bakery"":0,""Abaya Store"":0,""Clothes Store"":0,""Perfume Store"":1,""Salon"":1,""Grocery"":0,""Flower Shop"":0,""Pharmacy"":0,""Bank"":0,""Electronics Store"":0}",1,38,14,Governorate-level data used when wilayat-level data is unavailable. Registered Companies - Category and Governorate uses the latest detected worksheet: 2025.
al_dhahira_north_dank,Dank,Al Dhahira North,Dank,,,5,103,12,76,"{""Coffee Shop"":0,""Restaurant"":0,""Bakery"":0,""Abaya Store"":0,""Clothes Store"":0,""Perfume Store"":0,""Salon"":0,""Grocery"":0,""Flower Shop"":0,""Pharmacy"":0,""Bank"":0,""Electronics Store"":2}","{""Coffee Shop"":0,""Restaurant"":0,""Bakery"":0,""Abaya Store"":0,""Clothes Store"":0,""Perfume Store"":0,""Salon"":0,""Grocery"":0,""Flower Shop"":0,""Pharmacy"":0,""Bank"":0,""Electronics Store"":1}","{""Coffee Shop"":0,""Restaurant"":0,""Bakery"":0,""Abaya Store"":0,""Clothes Store"":0,""Perfume Store"":0,""Salon"":0,""Grocery"":0,""Flower Shop"":0,""Pharmacy"":0,""Bank"":0,""Electronics Store"":0}","{""Coffee Shop"":0,""Restaurant"":0,""Bakery"":0,""Abaya Store"":0,""Clothes Store"":16,""Perfume Store"":2,""Salon"":2,""Grocery"":10,""Flower Shop"":2,""Pharmacy"":0,""Bank"":0,""Electronics Store"":0}",5,103,88,Governorate-level data used when wilayat-level data is unavailable. Registered Companies - Category and Governorate uses the latest detected worksheet: 2025.
al_dhahira_north_ibri,Ibri,Al Dhahira North,Ibri,23.2359238,56.4943984,5,103,105,203,"{""Coffee Shop"":0,""Restaurant"":0,""Bakery"":0,""Abaya Store"":0,""Clothes Store"":0,""Perfume Store"":0,""Salon"":0,""Grocery"":0,""Flower Shop"":0,""Pharmacy"":0,""Bank"":0,""Electronics Store"":2}","{""Coffee Shop"":0,""Restaurant"":0,""Bakery"":0,""Abaya Store"":0,""Clothes Store"":0,""Perfume Store"":0,""Salon"":0,""Grocery"":0,""Flower Shop"":0,""Pharmacy"":0,""Bank"":0,""Electronics Store"":1}","{""Coffee Shop"":0,""Restaurant"":0,""Bakery"":0,""Abaya Store"":0,""Clothes Store"":0,""Perfume Store"":0,""Salon"":0,""Grocery"":0,""Flower Shop"":0,""Pharmacy"":0,""Bank"":0,""Electronics Store"":0}","{""Coffee Shop"":0,""Restaurant"":0,""Bakery"":0,""Abaya Store"":0,""Clothes Store"":12,""Perfume Store"":11,""Salon"":11,""Grocery"":124,""Flower Shop"":8,""Pharmacy"":0,""Bank"":0,""Electronics Store"":0}",5,103,308,Governorate-level data used when wilayat-level data is unavailable. Coordinates are retained from the existing oman_locations.csv map reference because the official governorate/wilayat workbook does not include latitude or longitude. Registered Companies - Category and Governorate uses the latest detected worksheet: 2025.
al_dhahira_north_yanqul,Yanqul,Al Dhahira North,Yanqul,23.5989926,56.5448304,5,103,8,26,"{""Coffee Shop"":0,""Restaurant"":0,""Bakery"":0,""Abaya Store"":0,""Clothes Store"":0,""Perfume Store"":0,""Salon"":0,""Grocery"":0,""Flower Shop"":0,""Pharmacy"":0,""Bank"":0,""Electronics Store"":2}","{""Coffee Shop"":0,""Restaurant"":0,""Bakery"":0,""Abaya Store"":0,""Clothes Store"":0,""Perfume Store"":0,""Salon"":0,""Grocery"":0,""Flower Shop"":0,""Pharmacy"":0,""Bank"":0,""Electronics Store"":1}","{""Coffee Shop"":0,""Restaurant"":0,""Bakery"":0,""Abaya Store"":0,""Clothes Store"":0,""Perfume Store"":0,""Salon"":0,""Grocery"":0,""Flower Shop"":0,""Pharmacy"":0,""Bank"":0,""Electronics Store"":0}","{""Coffee Shop"":0,""Restaurant"":0,""Bakery"":0,""Abaya Store"":0,""Clothes Store"":0,""Perfume Store"":1,""Salon"":1,""Grocery"":11,""Flower Shop"":1,""Pharmacy"":0,""Bank"":0,""Electronics Store"":0}",5,103,34,Governorate-level data used when wilayat-level data is unavailable. Coordinates are retained from the existing oman_locations.csv map reference because the official governorate/wilayat workbook does not include latitude or longitude. Registered Companies - Category and Governorate uses the latest detected worksheet: 2025.
al_sharakih_north_al_kabil,Al Kabil,Al Sharakih North,Al Kabil,,,2,95,11,306,"{""Coffee Shop"":0,""Restaurant"":0,""Bakery"":0,""Abaya Store"":0,""Clothes Store"":0,""Perfume Store"":0,""Salon"":0,""Grocery"":0,""Flower Shop"":0,""Pharmacy"":0,""Bank"":0,""Electronics Store"":1}","{""Coffee Shop"":0,""Restaurant"":0,""Bakery"":0,""Abaya Store"":0,""Clothes Store"":0,""Perfume Store"":0,""Salon"":0,""Grocery"":0,""Flower Shop"":0,""Pharmacy"":0,""Bank"":0,""Electronics Store"":6}","{""Coffee Shop"":0,""Restaurant"":0,""Bakery"":0,""Abaya Store"":0,""Clothes Store"":0,""Perfume Store"":0,""Salon"":0,""Grocery"":0,""Flower Shop"":0,""Pharmacy"":0,""Bank"":0,""Electronics Store"":0}","{""Coffee Shop"":0,""Restaurant"":0,""Bakery"":0,""Abaya Store"":0,""Clothes Store"":282,""Perfume Store"":4,""Salon"":4,""Grocery"":6,""Flower Shop"":2,""Pharmacy"":0,""Bank"":0,""Electronics Store"":0}",2,95,317,Governorate-level data used when wilayat-level data is unavailable. Registered Companies - Category and Governorate uses the latest detected worksheet: 2025.
al_sharakih_north_al_mudaybi,Al Mudaybi,Al Sharakih North,Al Mudaybi,,,2,95,46,265,"{""Coffee Shop"":0,""Restaurant"":0,""Bakery"":0,""Abaya Store"":0,""Clothes Store"":0,""Perfume Store"":0,""Salon"":0,""Grocery"":0,""Flower Shop"":0,""Pharmacy"":0,""Bank"":0,""Electronics Store"":1}","{""Coffee Shop"":0,""Restaurant"":0,""Bakery"":0,""Abaya Store"":0,""Clothes Store"":0,""Perfume Store"":0,""Salon"":0,""Grocery"":0,""Flower Shop"":0,""Pharmacy"":0,""Bank"":0,""Electronics Store"":6}","{""Coffee Shop"":0,""Restaurant"":0,""Bakery"":0,""Abaya Store"":0,""Clothes Store"":0,""Perfume Store"":0,""Salon"":0,""Grocery"":0,""Flower Shop"":0,""Pharmacy"":0,""Bank"":0,""Electronics Store"":0}","{""Coffee Shop"":0,""Restaurant"":0,""Bakery"":0,""Abaya Store"":0,""Clothes Store"":193,""Perfume Store"":9,""Salon"":9,""Grocery"":27,""Flower Shop"":1,""Pharmacy"":0,""Bank"":0,""Electronics Store"":0}",2,95,311,Governorate-level data used when wilayat-level data is unavailable. Registered Companies - Category and Governorate uses the latest detected worksheet: 2025.
al_sharakih_north_bidiya,Bidiya,Al Sharakih North,Bidiya,22.4428429,58.8003292,2,95,92,338,"{""Coffee Shop"":0,""Restaurant"":0,""Bakery"":0,""Abaya Store"":0,""Clothes Store"":0,""Perfume Store"":0,""Salon"":0,""Grocery"":0,""Flower Shop"":0,""Pharmacy"":0,""Bank"":0,""Electronics Store"":1}","{""Coffee Shop"":0,""Restaurant"":0,""Bakery"":0,""Abaya Store"":0,""Clothes Store"":0,""Perfume Store"":0,""Salon"":0,""Grocery"":0,""Flower Shop"":0,""Pharmacy"":0,""Bank"":0,""Electronics Store"":6}","{""Coffee Shop"":0,""Restaurant"":0,""Bakery"":0,""Abaya Store"":0,""Clothes Store"":0,""Perfume Store"":0,""Salon"":0,""Grocery"":0,""Flower Shop"":0,""Pharmacy"":0,""Bank"":0,""Electronics Store"":0}","{""Coffee Shop"":0,""Restaurant"":0,""Bakery"":0,""Abaya Store"":0,""Clothes Store"":287,""Perfume Store"":5,""Salon"":5,""Grocery"":22,""Flower Shop"":0,""Pharmacy"":0,""Bank"":0,""Electronics Store"":0}",2,95,430,Governorate-level data used when wilayat-level data is unavailable. Coordinates are retained from the existing oman_locations.csv map reference because the official governorate/wilayat workbook does not include latitude or longitude. Registered Companies - Category and Governorate uses the latest detected worksheet: 2025.
al_sharakih_north_duma_wathi,Duma wathi,Al Sharakih North,Duma wathi,,,2,95,7,32,"{""Coffee Shop"":0,""Restaurant"":0,""Bakery"":0,""Abaya Store"":0,""Clothes Store"":0,""Perfume Store"":0,""Salon"":0,""Grocery"":0,""Flower Shop"":0,""Pharmacy"":0,""Bank"":0,""Electronics Store"":1}","{""Coffee Shop"":0,""Restaurant"":0,""Bakery"":0,""Abaya Store"":0,""Clothes Store"":0,""Perfume Store"":0,""Salon"":0,""Grocery"":0,""Flower Shop"":0,""Pharmacy"":0,""Bank"":0,""Electronics Store"":6}","{""Coffee Shop"":0,""Restaurant"":0,""Bakery"":0,""Abaya Store"":0,""Clothes Store"":0,""Perfume Store"":0,""Salon"":0,""Grocery"":0,""Flower Shop"":0,""Pharmacy"":0,""Bank"":0,""Electronics Store"":0}","{""Coffee Shop"":0,""Restaurant"":0,""Bakery"":0,""Abaya Store"":0,""Clothes Store"":13,""Perfume Store"":3,""Salon"":3,""Grocery"":8,""Flower Shop"":2,""Pharmacy"":0,""Bank"":0,""Electronics Store"":0}",2,95,39,Governorate-level data used when wilayat-level data is unavailable. Registered Companies - Category and Governorate uses the latest detected worksheet: 2025.
al_sharakih_north_ibra,Ibra,Al Sharakih North,Ibra,22.7244454,58.5258173,2,95,61,236,"{""Coffee Shop"":0,""Restaurant"":0,""Bakery"":0,""Abaya Store"":0,""Clothes Store"":0,""Perfume Store"":0,""Salon"":0,""Grocery"":0,""Flower Shop"":0,""Pharmacy"":0,""Bank"":0,""Electronics Store"":1}","{""Coffee Shop"":0,""Restaurant"":0,""Bakery"":0,""Abaya Store"":0,""Clothes Store"":0,""Perfume Store"":0,""Salon"":0,""Grocery"":0,""Flower Shop"":0,""Pharmacy"":0,""Bank"":0,""Electronics Store"":6}","{""Coffee Shop"":0,""Restaurant"":0,""Bakery"":0,""Abaya Store"":0,""Clothes Store"":0,""Perfume Store"":0,""Salon"":0,""Grocery"":0,""Flower Shop"":0,""Pharmacy"":0,""Bank"":0,""Electronics Store"":0}","{""Coffee Shop"":0,""Restaurant"":0,""Bakery"":0,""Abaya Store"":0,""Clothes Store"":133,""Perfume Store"":12,""Salon"":12,""Grocery"":50,""Flower Shop"":3,""Pharmacy"":0,""Bank"":0,""Electronics Store"":0}",2,95,297,Governorate-level data used when wilayat-level data is unavailable. Coordinates are retained from the existing oman_locations.csv map reference because the official governorate/wilayat workbook does not include latitude or longitude. Registered Companies - Category and Governorate uses the latest detected worksheet: 2025.
al_sharakih_north_sinaw,Sinaw,Al Sharakih North,Sinaw,,,2,95,24,121,"{""Coffee Shop"":0,""Restaurant"":0,""Bakery"":0,""Abaya Store"":0,""Clothes Store"":0,""Perfume Store"":0,""Salon"":0,""Grocery"":0,""Flower Shop"":0,""Pharmacy"":0,""Bank"":0,""Electronics Store"":1}","{""Coffee Shop"":0,""Restaurant"":0,""Bakery"":0,""Abaya Store"":0,""Clothes Store"":0,""Perfume Store"":0,""Salon"":0,""Grocery"":0,""Flower Shop"":0,""Pharmacy"":0,""Bank"":0,""Electronics Store"":6}","{""Coffee Shop"":0,""Restaurant"":0,""Bakery"":0,""Abaya Store"":0,""Clothes Store"":0,""Perfume Store"":0,""Salon"":0,""Grocery"":0,""Flower Shop"":0,""Pharmacy"":0,""Bank"":0,""Electronics Store"":0}","{""Coffee Shop"":0,""Restaurant"":0,""Bakery"":0,""Abaya Store"":0,""Clothes Store"":63,""Perfume Store"":6,""Salon"":6,""Grocery"":35,""Flower Shop"":1,""Pharmacy"":0,""Bank"":0,""Electronics Store"":0}",2,95,145,Governorate-level data used when wilayat-level data is unavailable. Registered Companies - Category and Governorate uses the latest detected worksheet: 2025.
al_sharakih_north_wadi_bani_khalid,Wadi Bani Khalid,Al Sharakih North,Wadi Bani Khalid,22.5999838,59.0869565,2,95,0,0,"{""Coffee Shop"":0,""Restaurant"":0,""Bakery"":0,""Abaya Store"":0,""Clothes Store"":0,""Perfume Store"":0,""Salon"":0,""Grocery"":0,""Flower Shop"":0,""Pharmacy"":0,""Bank"":0,""Electronics Store"":1}","{""Coffee Shop"":0,""Restaurant"":0,""Bakery"":0,""Abaya Store"":0,""Clothes Store"":0,""Perfume Store"":0,""Salon"":0,""Grocery"":0,""Flower Shop"":0,""Pharmacy"":0,""Bank"":0,""Electronics Store"":6}","{""Coffee Shop"":0,""Restaurant"":0,""Bakery"":0,""Abaya Store"":0,""Clothes Store"":0,""Perfume Store"":0,""Salon"":0,""Grocery"":0,""Flower Shop"":0,""Pharmacy"":0,""Bank"":0,""Electronics Store"":0}","{""Coffee Shop"":0,""Restaurant"":0,""Bakery"":0,""Abaya Store"":0,""Clothes Store"":0,""Perfume Store"":0,""Salon"":0,""Grocery"":0,""Flower Shop"":0,""Pharmacy"":0,""Bank"":0,""Electronics Store"":0}",2,95,0,Governorate-level data used when wilayat-level data is unavailable. Coordinates are retained from the existing oman_locations.csv map reference because the official governorate/wilayat workbook does not include latitude or longitude. Registered Companies - Category and Governorate uses the latest detected worksheet: 2025.
al_sharqiyah_south_al_kamil_wal_wafi,AL Kamil wal-Wafi,Al Sharqiyah South,AL Kamil wal-Wafi,,,3,98,27,155,"{""Coffee Shop"":0,""Restaurant"":0,""Bakery"":0,""Abaya Store"":0,""Clothes Store"":0,""Perfume Store"":0,""Salon"":0,""Grocery"":0,""Flower Shop"":0,""Pharmacy"":0,""Bank"":0,""Electronics Store"":1}","{""Coffee Shop"":0,""Restaurant"":0,""Bakery"":0,""Abaya Store"":0,""Clothes Store"":0,""Perfume Store"":0,""Salon"":0,""Grocery"":0,""Flower Shop"":0,""Pharmacy"":0,""Bank"":0,""Electronics Store"":4}","{""Coffee Shop"":0,""Restaurant"":0,""Bakery"":0,""Abaya Store"":0,""Clothes Store"":0,""Perfume Store"":0,""Salon"":0,""Grocery"":0,""Flower Shop"":0,""Pharmacy"":0,""Bank"":0,""Electronics Store"":0}","{""Coffee Shop"":0,""Restaurant"":0,""Bakery"":0,""Abaya Store"":0,""Clothes Store"":8,""Perfume Store"":5,""Salon"":5,""Grocery"":14,""Flower Shop"":1,""Pharmacy"":0,""Bank"":0,""Electronics Store"":0}",3,98,182,Governorate-level data used when wilayat-level data is unavailable. Registered Companies - Category and Governorate uses the latest detected worksheet: 2025.
al_sharqiyah_south_ja_alan_bani_ali,Ja'alan Bani Ali,Al Sharqiyah South,Ja'alan Bani Ali,,,3,98,0,0,"{""Coffee Shop"":0,""Restaurant"":0,""Bakery"":0,""Abaya Store"":0,""Clothes Store"":0,""Perfume Store"":0,""Salon"":0,""Grocery"":0,""Flower Shop"":0,""Pharmacy"":0,""Bank"":0,""Electronics Store"":1}","{""Coffee Shop"":0,""Restaurant"":0,""Bakery"":0,""Abaya Store"":0,""Clothes Store"":0,""Perfume Store"":0,""Salon"":0,""Grocery"":0,""Flower Shop"":0,""Pharmacy"":0,""Bank"":0,""Electronics Store"":4}","{""Coffee Shop"":0,""Restaurant"":0,""Bakery"":0,""Abaya Store"":0,""Clothes Store"":0,""Perfume Store"":0,""Salon"":0,""Grocery"":0,""Flower Shop"":0,""Pharmacy"":0,""Bank"":0,""Electronics Store"":0}","{""Coffee Shop"":0,""Restaurant"":0,""Bakery"":0,""Abaya Store"":0,""Clothes Store"":0,""Perfume Store"":0,""Salon"":0,""Grocery"":0,""Flower Shop"":0,""Pharmacy"":0,""Bank"":0,""Electronics Store"":0}",3,98,0,Governorate-level data used when wilayat-level data is unavailable. Registered Companies - Category and Governorate uses the latest detected worksheet: 2025.
al_sharqiyah_south_ja_alan_bani_hassan,Ja'alan Bani Hassan,Al Sharqiyah South,Ja'alan Bani Hassan,,,3,98,0,0,"{""Coffee Shop"":0,""Restaurant"":0,""Bakery"":0,""Abaya Store"":0,""Clothes Store"":0,""Perfume Store"":0,""Salon"":0,""Grocery"":0,""Flower Shop"":0,""Pharmacy"":0,""Bank"":0,""Electronics Store"":1}","{""Coffee Shop"":0,""Restaurant"":0,""Bakery"":0,""Abaya Store"":0,""Clothes Store"":0,""Perfume Store"":0,""Salon"":0,""Grocery"":0,""Flower Shop"":0,""Pharmacy"":0,""Bank"":0,""Electronics Store"":4}","{""Coffee Shop"":0,""Restaurant"":0,""Bakery"":0,""Abaya Store"":0,""Clothes Store"":0,""Perfume Store"":0,""Salon"":0,""Grocery"":0,""Flower Shop"":0,""Pharmacy"":0,""Bank"":0,""Electronics Store"":0}","{""Coffee Shop"":0,""Restaurant"":0,""Bakery"":0,""Abaya Store"":0,""Clothes Store"":0,""Perfume Store"":0,""Salon"":0,""Grocery"":0,""Flower Shop"":0,""Pharmacy"":0,""Bank"":0,""Electronics Store"":0}",3,98,0,Governorate-level data used when wilayat-level data is unavailable. Registered Companies - Category and Governorate uses the latest detected worksheet: 2025.
al_sharqiyah_south_masirah,Masirah,Al Sharqiyah South,Masirah,20.3173398,58.6915912,3,98,26,70,"{""Coffee Shop"":0,""Restaurant"":0,""Bakery"":0,""Abaya Store"":0,""Clothes Store"":0,""Perfume Store"":0,""Salon"":0,""Grocery"":0,""Flower Shop"":0,""Pharmacy"":0,""Bank"":0,""Electronics Store"":1}","{""Coffee Shop"":0,""Restaurant"":0,""Bakery"":0,""Abaya Store"":0,""Clothes Store"":0,""Perfume Store"":0,""Salon"":0,""Grocery"":0,""Flower Shop"":0,""Pharmacy"":0,""Bank"":0,""Electronics Store"":4}","{""Coffee Shop"":0,""Restaurant"":0,""Bakery"":0,""Abaya Store"":0,""Clothes Store"":0,""Perfume Store"":0,""Salon"":0,""Grocery"":0,""Flower Shop"":0,""Pharmacy"":0,""Bank"":0,""Electronics Store"":0}","{""Coffee Shop"":0,""Restaurant"":0,""Bakery"":0,""Abaya Store"":0,""Clothes Store"":47,""Perfume Store"":1,""Salon"":1,""Grocery"":3,""Flower Shop"":0,""Pharmacy"":0,""Bank"":0,""Electronics Store"":0}",3,98,96,Governorate-level data used when wilayat-level data is unavailable. Coordinates are retained from the existing oman_locations.csv map reference because the official governorate/wilayat workbook does not include latitude or longitude. Registered Companies - Category and Governorate uses the latest detected worksheet: 2025.
al_sharqiyah_south_sur,Sur,Al Sharqiyah South,Sur,22.5652759,59.5066376,3,98,149,320,"{""Coffee Shop"":0,""Restaurant"":0,""Bakery"":0,""Abaya Store"":0,""Clothes Store"":0,""Perfume Store"":0,""Salon"":0,""Grocery"":0,""Flower Shop"":0,""Pharmacy"":0,""Bank"":0,""Electronics Store"":1}","{""Coffee Shop"":0,""Restaurant"":0,""Bakery"":0,""Abaya Store"":0,""Clothes Store"":0,""Perfume Store"":0,""Salon"":0,""Grocery"":0,""Flower Shop"":0,""Pharmacy"":0,""Bank"":0,""Electronics Store"":4}","{""Coffee Shop"":0,""Restaurant"":0,""Bakery"":0,""Abaya Store"":0,""Clothes Store"":0,""Perfume Store"":0,""Salon"":0,""Grocery"":0,""Flower Shop"":0,""Pharmacy"":0,""Bank"":0,""Electronics Store"":0}","{""Coffee Shop"":0,""Restaurant"":0,""Bakery"":0,""Abaya Store"":0,""Clothes Store"":4,""Perfume Store"":35,""Salon"":35,""Grocery"":86,""Flower Shop"":2,""Pharmacy"":0,""Bank"":0,""Electronics Store"":0}",3,98,469,Governorate-level data used when wilayat-level data is unavailable. Coordinates are retained from the existing oman_locations.csv map reference because the official governorate/wilayat workbook does not include latitude or longitude. Registered Companies - Category and Governorate uses the latest detected worksheet: 2025.
al_wusta_al_duqm,Al Duqm,Al Wusta,Al Duqm,19.6394818,57.6779106,0,64,41,91,"{""Coffee Shop"":0,""Restaurant"":0,""Bakery"":0,""Abaya Store"":0,""Clothes Store"":0,""Perfume Store"":0,""Salon"":0,""Grocery"":0,""Flower Shop"":0,""Pharmacy"":0,""Bank"":0,""Electronics Store"":0}","{""Coffee Shop"":0,""Restaurant"":0,""Bakery"":0,""Abaya Store"":0,""Clothes Store"":0,""Perfume Store"":0,""Salon"":0,""Grocery"":0,""Flower Shop"":0,""Pharmacy"":0,""Bank"":0,""Electronics Store"":0}","{""Coffee Shop"":0,""Restaurant"":0,""Bakery"":0,""Abaya Store"":0,""Clothes Store"":0,""Perfume Store"":0,""Salon"":0,""Grocery"":0,""Flower Shop"":0,""Pharmacy"":0,""Bank"":0,""Electronics Store"":0}","{""Coffee Shop"":0,""Restaurant"":0,""Bakery"":0,""Abaya Store"":0,""Clothes Store"":24,""Perfume Store"":5,""Salon"":5,""Grocery"":10,""Flower Shop"":2,""Pharmacy"":0,""Bank"":0,""Electronics Store"":0}",0,64,132,Governorate-level data used when wilayat-level data is unavailable. Coordinates are retained from the existing oman_locations.csv map reference because the official governorate/wilayat workbook does not include latitude or longitude. Registered Companies - Category and Governorate uses the latest detected worksheet: 2025.
al_wusta_al_gasa,Al Gasa,Al Wusta,Al Gasa,,,0,64,5,94,"{""Coffee Shop"":0,""Restaurant"":0,""Bakery"":0,""Abaya Store"":0,""Clothes Store"":0,""Perfume Store"":0,""Salon"":0,""Grocery"":0,""Flower Shop"":0,""Pharmacy"":0,""Bank"":0,""Electronics Store"":0}","{""Coffee Shop"":0,""Restaurant"":0,""Bakery"":0,""Abaya Store"":0,""Clothes Store"":0,""Perfume Store"":0,""Salon"":0,""Grocery"":0,""Flower Shop"":0,""Pharmacy"":0,""Bank"":0,""Electronics Store"":0}","{""Coffee Shop"":0,""Restaurant"":0,""Bakery"":0,""Abaya Store"":0,""Clothes Store"":0,""Perfume Store"":0,""Salon"":0,""Grocery"":0,""Flower Shop"":0,""Pharmacy"":0,""Bank"":0,""Electronics Store"":0}","{""Coffee Shop"":0,""Restaurant"":0,""Bakery"":0,""Abaya Store"":0,""Clothes Store"":32,""Perfume Store"":4,""Salon"":4,""Grocery"":3,""Flower Shop"":0,""Pharmacy"":0,""Bank"":0,""Electronics Store"":0}",0,64,99,Governorate-level data used when wilayat-level data is unavailable. Registered Companies - Category and Governorate uses the latest detected worksheet: 2025.
al_wusta_hayma,Hayma,Al Wusta,Hayma,,,0,64,12,201,"{""Coffee Shop"":0,""Restaurant"":0,""Bakery"":0,""Abaya Store"":0,""Clothes Store"":0,""Perfume Store"":0,""Salon"":0,""Grocery"":0,""Flower Shop"":0,""Pharmacy"":0,""Bank"":0,""Electronics Store"":0}","{""Coffee Shop"":0,""Restaurant"":0,""Bakery"":0,""Abaya Store"":0,""Clothes Store"":0,""Perfume Store"":0,""Salon"":0,""Grocery"":0,""Flower Shop"":0,""Pharmacy"":0,""Bank"":0,""Electronics Store"":0}","{""Coffee Shop"":0,""Restaurant"":0,""Bakery"":0,""Abaya Store"":0,""Clothes Store"":0,""Perfume Store"":0,""Salon"":0,""Grocery"":0,""Flower Shop"":0,""Pharmacy"":0,""Bank"":0,""Electronics Store"":0}","{""Coffee Shop"":0,""Restaurant"":0,""Bakery"":0,""Abaya Store"":0,""Clothes Store"":179,""Perfume Store"":4,""Salon"":4,""Grocery"":1,""Flower Shop"":0,""Pharmacy"":0,""Bank"":0,""Electronics Store"":0}",0,64,213,Governorate-level data used when wilayat-level data is unavailable. Registered Companies - Category and Governorate uses the latest detected worksheet: 2025.
al_wusta_mahout,Mahout,Al Wusta,Mahout,,,0,64,8,439,"{""Coffee Shop"":0,""Restaurant"":0,""Bakery"":0,""Abaya Store"":0,""Clothes Store"":0,""Perfume Store"":0,""Salon"":0,""Grocery"":0,""Flower Shop"":0,""Pharmacy"":0,""Bank"":0,""Electronics Store"":0}","{""Coffee Shop"":0,""Restaurant"":0,""Bakery"":0,""Abaya Store"":0,""Clothes Store"":0,""Perfume Store"":0,""Salon"":0,""Grocery"":0,""Flower Shop"":0,""Pharmacy"":0,""Bank"":0,""Electronics Store"":0}","{""Coffee Shop"":0,""Restaurant"":0,""Bakery"":0,""Abaya Store"":0,""Clothes Store"":0,""Perfume Store"":0,""Salon"":0,""Grocery"":0,""Flower Shop"":0,""Pharmacy"":0,""Bank"":0,""Electronics Store"":0}","{""Coffee Shop"":0,""Restaurant"":0,""Bakery"":0,""Abaya Store"":0,""Clothes Store"":424,""Perfume Store"":1,""Salon"":1,""Grocery"":2,""Flower Shop"":0,""Pharmacy"":0,""Bank"":0,""Electronics Store"":0}",0,64,447,Governorate-level data used when wilayat-level data is unavailable. Registered Companies - Category and Governorate uses the latest detected worksheet: 2025.
dakhiliyah_adam,Adam,Dakhiliyah,Adam,22.386514,57.5249708,16,186,19,35,"{""Coffee Shop"":0,""Restaurant"":0,""Bakery"":0,""Abaya Store"":0,""Clothes Store"":0,""Perfume Store"":0,""Salon"":0,""Grocery"":0,""Flower Shop"":0,""Pharmacy"":0,""Bank"":0,""Electronics Store"":13}","{""Coffee Shop"":0,""Restaurant"":0,""Bakery"":0,""Abaya Store"":0,""Clothes Store"":0,""Perfume Store"":0,""Salon"":0,""Grocery"":0,""Flower Shop"":0,""Pharmacy"":0,""Bank"":0,""Electronics Store"":6}","{""Coffee Shop"":0,""Restaurant"":0,""Bakery"":0,""Abaya Store"":0,""Clothes Store"":0,""Perfume Store"":0,""Salon"":0,""Grocery"":0,""Flower Shop"":0,""Pharmacy"":0,""Bank"":0,""Electronics Store"":0}","{""Coffee Shop"":0,""Restaurant"":0,""Bakery"":0,""Abaya Store"":0,""Clothes Store"":12,""Perfume Store"":3,""Salon"":3,""Grocery"":13,""Flower Shop"":1,""Pharmacy"":0,""Bank"":0,""Electronics Store"":0}",16,186,54,Governorate-level data used when wilayat-level data is unavailable. Coordinates are retained from the existing oman_locations.csv map reference because the official governorate/wilayat workbook does not include latitude or longitude. Registered Companies - Category and Governorate uses the latest detected worksheet: 2025.
dakhiliyah_al_hamra,Al Hamra,Dakhiliyah,Al Hamra,23.1025508,57.2875097,16,186,46,28,"{""Coffee Shop"":0,""Restaurant"":0,""Bakery"":0,""Abaya Store"":0,""Clothes Store"":0,""Perfume Store"":0,""Salon"":0,""Grocery"":0,""Flower Shop"":0,""Pharmacy"":0,""Bank"":0,""Electronics Store"":13}","{""Coffee Shop"":0,""Restaurant"":0,""Bakery"":0,""Abaya Store"":0,""Clothes Store"":0,""Perfume Store"":0,""Salon"":0,""Grocery"":0,""Flower Shop"":0,""Pharmacy"":0,""Bank"":0,""Electronics Store"":6}","{""Coffee Shop"":0,""Restaurant"":0,""Bakery"":0,""Abaya Store"":0,""Clothes Store"":0,""Perfume Store"":0,""Salon"":0,""Grocery"":0,""Flower Shop"":0,""Pharmacy"":0,""Bank"":0,""Electronics Store"":0}","{""Coffee Shop"":0,""Restaurant"":0,""Bakery"":0,""Abaya Store"":0,""Clothes Store"":11,""Perfume Store"":2,""Salon"":2,""Grocery"":9,""Flower Shop"":0,""Pharmacy"":0,""Bank"":0,""Electronics Store"":0}",16,186,74,Governorate-level data used when wilayat-level data is unavailable. Coordinates are retained from the existing oman_locations.csv map reference because the official governorate/wilayat workbook does not include latitude or longitude. Registered Companies - Category and Governorate uses the latest detected worksheet: 2025.
dakhiliyah_bahala,Bahala,Dakhiliyah,Bahala,,,16,186,50,171,"{""Coffee Shop"":0,""Restaurant"":0,""Bakery"":0,""Abaya Store"":0,""Clothes Store"":0,""Perfume Store"":0,""Salon"":0,""Grocery"":0,""Flower Shop"":0,""Pharmacy"":0,""Bank"":0,""Electronics Store"":13}","{""Coffee Shop"":0,""Restaurant"":0,""Bakery"":0,""Abaya Store"":0,""Clothes Store"":0,""Perfume Store"":0,""Salon"":0,""Grocery"":0,""Flower Shop"":0,""Pharmacy"":0,""Bank"":0,""Electronics Store"":6}","{""Coffee Shop"":0,""Restaurant"":0,""Bakery"":0,""Abaya Store"":0,""Clothes Store"":0,""Perfume Store"":0,""Salon"":0,""Grocery"":0,""Flower Shop"":0,""Pharmacy"":0,""Bank"":0,""Electronics Store"":0}","{""Coffee Shop"":0,""Restaurant"":0,""Bakery"":0,""Abaya Store"":0,""Clothes Store"":27,""Perfume Store"":3,""Salon"":3,""Grocery"":86,""Flower Shop"":2,""Pharmacy"":0,""Bank"":0,""Electronics Store"":0}",16,186,221,Governorate-level data used when wilayat-level data is unavailable. Registered Companies - Category and Governorate uses the latest detected worksheet: 2025.
dakhiliyah_bid_bid,Bid Bid,Dakhiliyah,Bid Bid,23.4069561,58.1252383,16,186,26,45,"{""Coffee Shop"":0,""Restaurant"":0,""Bakery"":0,""Abaya Store"":0,""Clothes Store"":0,""Perfume Store"":0,""Salon"":0,""Grocery"":0,""Flower Shop"":0,""Pharmacy"":0,""Bank"":0,""Electronics Store"":13}","{""Coffee Shop"":0,""Restaurant"":0,""Bakery"":0,""Abaya Store"":0,""Clothes Store"":0,""Perfume Store"":0,""Salon"":0,""Grocery"":0,""Flower Shop"":0,""Pharmacy"":0,""Bank"":0,""Electronics Store"":6}","{""Coffee Shop"":0,""Restaurant"":0,""Bakery"":0,""Abaya Store"":0,""Clothes Store"":0,""Perfume Store"":0,""Salon"":0,""Grocery"":0,""Flower Shop"":0,""Pharmacy"":0,""Bank"":0,""Electronics Store"":0}","{""Coffee Shop"":0,""Restaurant"":0,""Bakery"":0,""Abaya Store"":0,""Clothes Store"":1,""Perfume Store"":3,""Salon"":3,""Grocery"":23,""Flower Shop"":0,""Pharmacy"":0,""Bank"":0,""Electronics Store"":0}",16,186,71,Governorate-level data used when wilayat-level data is unavailable. Coordinates are retained from the existing oman_locations.csv map reference because the official governorate/wilayat workbook does not include latitude or longitude. Registered Companies - Category and Governorate uses the latest detected worksheet: 2025.
dakhiliyah_izki,Izki,Dakhiliyah,Izki,22.9329006,57.7686461,16,186,39,79,"{""Coffee Shop"":0,""Restaurant"":0,""Bakery"":0,""Abaya Store"":0,""Clothes Store"":0,""Perfume Store"":0,""Salon"":0,""Grocery"":0,""Flower Shop"":0,""Pharmacy"":0,""Bank"":0,""Electronics Store"":13}","{""Coffee Shop"":0,""Restaurant"":0,""Bakery"":0,""Abaya Store"":0,""Clothes Store"":0,""Perfume Store"":0,""Salon"":0,""Grocery"":0,""Flower Shop"":0,""Pharmacy"":0,""Bank"":0,""Electronics Store"":6}","{""Coffee Shop"":0,""Restaurant"":0,""Bakery"":0,""Abaya Store"":0,""Clothes Store"":0,""Perfume Store"":0,""Salon"":0,""Grocery"":0,""Flower Shop"":0,""Pharmacy"":0,""Bank"":0,""Electronics Store"":0}","{""Coffee Shop"":0,""Restaurant"":0,""Bakery"":0,""Abaya Store"":0,""Clothes Store"":1,""Perfume Store"":7,""Salon"":7,""Grocery"":49,""Flower Shop"":3,""Pharmacy"":0,""Bank"":0,""Electronics Store"":0}",16,186,118,Governorate-level data used when wilayat-level data is unavailable. Coordinates are retained from the existing oman_locations.csv map reference because the official governorate/wilayat workbook does not include latitude or longitude. Registered Companies - Category and Governorate uses the latest detected worksheet: 2025.
dakhiliyah_jabal_al_akhdar,Jabal al Akhdar,Dakhiliyah,Jabal al Akhdar,,,16,186,26,36,"{""Coffee Shop"":0,""Restaurant"":0,""Bakery"":0,""Abaya Store"":0,""Clothes Store"":0,""Perfume Store"":0,""Salon"":0,""Grocery"":0,""Flower Shop"":0,""Pharmacy"":0,""Bank"":0,""Electronics Store"":13}","{""Coffee Shop"":0,""Restaurant"":0,""Bakery"":0,""Abaya Store"":0,""Clothes Store"":0,""Perfume Store"":0,""Salon"":0,""Grocery"":0,""Flower Shop"":0,""Pharmacy"":0,""Bank"":0,""Electronics Store"":6}","{""Coffee Shop"":0,""Restaurant"":0,""Bakery"":0,""Abaya Store"":0,""Clothes Store"":0,""Perfume Store"":0,""Salon"":0,""Grocery"":0,""Flower Shop"":0,""Pharmacy"":0,""Bank"":0,""Electronics Store"":0}","{""Coffee Shop"":0,""Restaurant"":0,""Bakery"":0,""Abaya Store"":0,""Clothes Store"":1,""Perfume Store"":4,""Salon"":4,""Grocery"":14,""Flower Shop"":14,""Pharmacy"":0,""Bank"":0,""Electronics Store"":0}",16,186,62,Governorate-level data used when wilayat-level data is unavailable. Registered Companies - Category and Governorate uses the latest detected worksheet: 2025.
dakhiliyah_manah,Manah,Dakhiliyah,Manah,22.7926568,57.5929166,16,186,27,33,"{""Coffee Shop"":0,""Restaurant"":0,""Bakery"":0,""Abaya Store"":0,""Clothes Store"":0,""Perfume Store"":0,""Salon"":0,""Grocery"":0,""Flower Shop"":0,""Pharmacy"":0,""Bank"":0,""Electronics Store"":13}","{""Coffee Shop"":0,""Restaurant"":0,""Bakery"":0,""Abaya Store"":0,""Clothes Store"":0,""Perfume Store"":0,""Salon"":0,""Grocery"":0,""Flower Shop"":0,""Pharmacy"":0,""Bank"":0,""Electronics Store"":6}","{""Coffee Shop"":0,""Restaurant"":0,""Bakery"":0,""Abaya Store"":0,""Clothes Store"":0,""Perfume Store"":0,""Salon"":0,""Grocery"":0,""Flower Shop"":0,""Pharmacy"":0,""Bank"":0,""Electronics Store"":0}","{""Coffee Shop"":0,""Restaurant"":0,""Bakery"":0,""Abaya Store"":0,""Clothes Store"":0,""Perfume Store"":3,""Salon"":3,""Grocery"":21,""Flower Shop"":1,""Pharmacy"":0,""Bank"":0,""Electronics Store"":0}",16,186,60,Governorate-level data used when wilayat-level data is unavailable. Coordinates are retained from the existing oman_locations.csv map reference because the official governorate/wilayat workbook does not include latitude or longitude. Registered Companies - Category and Governorate uses the latest detected worksheet: 2025.
dakhiliyah_nizwa,Nizwa,Dakhiliyah,Nizwa,22.9171031,57.536292,16,186,149,224,"{""Coffee Shop"":0,""Restaurant"":0,""Bakery"":0,""Abaya Store"":0,""Clothes Store"":0,""Perfume Store"":0,""Salon"":0,""Grocery"":0,""Flower Shop"":0,""Pharmacy"":0,""Bank"":0,""Electronics Store"":13}","{""Coffee Shop"":0,""Restaurant"":0,""Bakery"":0,""Abaya Store"":0,""Clothes Store"":0,""Perfume Store"":0,""Salon"":0,""Grocery"":0,""Flower Shop"":0,""Pharmacy"":0,""Bank"":0,""Electronics Store"":6}","{""Coffee Shop"":0,""Restaurant"":0,""Bakery"":0,""Abaya Store"":0,""Clothes Store"":0,""Perfume Store"":0,""Salon"":0,""Grocery"":0,""Flower Shop"":0,""Pharmacy"":0,""Bank"":0,""Electronics Store"":0}","{""Coffee Shop"":0,""Restaurant"":0,""Bakery"":0,""Abaya Store"":0,""Clothes Store"":5,""Perfume Store"":18,""Salon"":18,""Grocery"":157,""Flower Shop"":5,""Pharmacy"":0,""Bank"":0,""Electronics Store"":0}",16,186,373,Governorate-level data used when wilayat-level data is unavailable. Coordinates are retained from the existing oman_locations.csv map reference because the official governorate/wilayat workbook does not include latitude or longitude. Registered Companies - Category and Governorate uses the latest detected worksheet: 2025.
dakhiliyah_samail,Samail,Dakhiliyah,Samail,,,16,186,54,85,"{""Coffee Shop"":0,""Restaurant"":0,""Bakery"":0,""Abaya Store"":0,""Clothes Store"":0,""Perfume Store"":0,""Salon"":0,""Grocery"":0,""Flower Shop"":0,""Pharmacy"":0,""Bank"":0,""Electronics Store"":13}","{""Coffee Shop"":0,""Restaurant"":0,""Bakery"":0,""Abaya Store"":0,""Clothes Store"":0,""Perfume Store"":0,""Salon"":0,""Grocery"":0,""Flower Shop"":0,""Pharmacy"":0,""Bank"":0,""Electronics Store"":6}","{""Coffee Shop"":0,""Restaurant"":0,""Bakery"":0,""Abaya Store"":0,""Clothes Store"":0,""Perfume Store"":0,""Salon"":0,""Grocery"":0,""Flower Shop"":0,""Pharmacy"":0,""Bank"":0,""Electronics Store"":0}","{""Coffee Shop"":0,""Restaurant"":0,""Bakery"":0,""Abaya Store"":0,""Clothes Store"":10,""Perfume Store"":10,""Salon"":10,""Grocery"":43,""Flower Shop"":2,""Pharmacy"":0,""Bank"":0,""Electronics Store"":0}",16,186,139,Governorate-level data used when wilayat-level data is unavailable. Registered Companies - Category and Governorate uses the latest detected worksheet: 2025.
dhofar_al_halanyat,Al Halanyat,Dhofar,Al Halanyat,,,11,326,15,167,"{""Coffee Shop"":0,""Restaurant"":0,""Bakery"":0,""Abaya Store"":0,""Clothes Store"":0,""Perfume Store"":0,""Salon"":0,""Grocery"":0,""Flower Shop"":0,""Pharmacy"":0,""Bank"":1,""Electronics Store"":7}","{""Coffee Shop"":0,""Restaurant"":0,""Bakery"":0,""Abaya Store"":0,""Clothes Store"":0,""Perfume Store"":0,""Salon"":0,""Grocery"":0,""Flower Shop"":0,""Pharmacy"":0,""Bank"":0,""Electronics Store"":8}","{""Coffee Shop"":0,""Restaurant"":0,""Bakery"":0,""Abaya Store"":0,""Clothes Store"":0,""Perfume Store"":0,""Salon"":0,""Grocery"":0,""Flower Shop"":0,""Pharmacy"":0,""Bank"":0,""Electronics Store"":0}","{""Coffee Shop"":0,""Restaurant"":0,""Bakery"":0,""Abaya Store"":0,""Clothes Store"":6,""Perfume Store"":5,""Salon"":5,""Grocery"":39,""Flower Shop"":4,""Pharmacy"":0,""Bank"":0,""Electronics Store"":0}",11,326,182,Governorate-level data used when wilayat-level data is unavailable. Registered Companies - Category and Governorate uses the latest detected worksheet: 2025.
dhofar_al_mazyona,Al Mazyona,Dhofar,Al Mazyona,17.8399687,52.6573508,11,326,6,52,"{""Coffee Shop"":0,""Restaurant"":0,""Bakery"":0,""Abaya Store"":0,""Clothes Store"":0,""Perfume Store"":0,""Salon"":0,""Grocery"":0,""Flower Shop"":0,""Pharmacy"":0,""Bank"":1,""Electronics Store"":7}","{""Coffee Shop"":0,""Restaurant"":0,""Bakery"":0,""Abaya Store"":0,""Clothes Store"":0,""Perfume Store"":0,""Salon"":0,""Grocery"":0,""Flower Shop"":0,""Pharmacy"":0,""Bank"":0,""Electronics Store"":8}","{""Coffee Shop"":0,""Restaurant"":0,""Bakery"":0,""Abaya Store"":0,""Clothes Store"":0,""Perfume Store"":0,""Salon"":0,""Grocery"":0,""Flower Shop"":0,""Pharmacy"":0,""Bank"":0,""Electronics Store"":0}","{""Coffee Shop"":0,""Restaurant"":0,""Bakery"":0,""Abaya Store"":0,""Clothes Store"":12,""Perfume Store"":2,""Salon"":2,""Grocery"":2,""Flower Shop"":2,""Pharmacy"":0,""Bank"":0,""Electronics Store"":0}",11,326,58,Governorate-level data used when wilayat-level data is unavailable. Coordinates are retained from the existing oman_locations.csv map reference because the official governorate/wilayat workbook does not include latitude or longitude. Registered Companies - Category and Governorate uses the latest detected worksheet: 2025.
dhofar_dhalkot,Dhalkot,Dhofar,Dhalkot,,,11,326,1,28,"{""Coffee Shop"":0,""Restaurant"":0,""Bakery"":0,""Abaya Store"":0,""Clothes Store"":0,""Perfume Store"":0,""Salon"":0,""Grocery"":0,""Flower Shop"":0,""Pharmacy"":0,""Bank"":1,""Electronics Store"":7}","{""Coffee Shop"":0,""Restaurant"":0,""Bakery"":0,""Abaya Store"":0,""Clothes Store"":0,""Perfume Store"":0,""Salon"":0,""Grocery"":0,""Flower Shop"":0,""Pharmacy"":0,""Bank"":0,""Electronics Store"":8}","{""Coffee Shop"":0,""Restaurant"":0,""Bakery"":0,""Abaya Store"":0,""Clothes Store"":0,""Perfume Store"":0,""Salon"":0,""Grocery"":0,""Flower Shop"":0,""Pharmacy"":0,""Bank"":0,""Electronics Store"":0}","{""Coffee Shop"":0,""Restaurant"":0,""Bakery"":0,""Abaya Store"":0,""Clothes Store"":1,""Perfume Store"":3,""Salon"":3,""Grocery"":0,""Flower Shop"":0,""Pharmacy"":0,""Bank"":0,""Electronics Store"":0}",11,326,29,Governorate-level data used when wilayat-level data is unavailable. Registered Companies - Category and Governorate uses the latest detected worksheet: 2025.
dhofar_makecn,Makecn,Dhofar,Makecn,,,11,326,1,3,"{""Coffee Shop"":0,""Restaurant"":0,""Bakery"":0,""Abaya Store"":0,""Clothes Store"":0,""Perfume Store"":0,""Salon"":0,""Grocery"":0,""Flower Shop"":0,""Pharmacy"":0,""Bank"":1,""Electronics Store"":7}","{""Coffee Shop"":0,""Restaurant"":0,""Bakery"":0,""Abaya Store"":0,""Clothes Store"":0,""Perfume Store"":0,""Salon"":0,""Grocery"":0,""Flower Shop"":0,""Pharmacy"":0,""Bank"":0,""Electronics Store"":8}","{""Coffee Shop"":0,""Restaurant"":0,""Bakery"":0,""Abaya Store"":0,""Clothes Store"":0,""Perfume Store"":0,""Salon"":0,""Grocery"":0,""Flower Shop"":0,""Pharmacy"":0,""Bank"":0,""Electronics Store"":0}","{""Coffee Shop"":0,""Restaurant"":0,""Bakery"":0,""Abaya Store"":0,""Clothes Store"":1,""Perfume Store"":2,""Salon"":2,""Grocery"":0,""Flower Shop"":0,""Pharmacy"":0,""Bank"":0,""Electronics Store"":0}",11,326,4,Governorate-level data used when wilayat-level data is unavailable. Registered Companies - Category and Governorate uses the latest detected worksheet: 2025.
dhofar_mirbat,Mirbat,Dhofar,Mirbat,16.9930697,54.7027669,11,326,7,374,"{""Coffee Shop"":0,""Restaurant"":0,""Bakery"":0,""Abaya Store"":0,""Clothes Store"":0,""Perfume Store"":0,""Salon"":0,""Grocery"":0,""Flower Shop"":0,""Pharmacy"":0,""Bank"":1,""Electronics Store"":7}","{""Coffee Shop"":0,""Restaurant"":0,""Bakery"":0,""Abaya Store"":0,""Clothes Store"":0,""Perfume Store"":0,""Salon"":0,""Grocery"":0,""Flower Shop"":0,""Pharmacy"":0,""Bank"":0,""Electronics Store"":8}","{""Coffee Shop"":0,""Restaurant"":0,""Bakery"":0,""Abaya Store"":0,""Clothes Store"":0,""Perfume Store"":0,""Salon"":0,""Grocery"":0,""Flower Shop"":0,""Pharmacy"":0,""Bank"":0,""Electronics Store"":0}","{""Coffee Shop"":0,""Restaurant"":0,""Bakery"":0,""Abaya Store"":0,""Clothes Store"":82,""Perfume Store"":12,""Salon"":12,""Grocery"":13,""Flower Shop"":0,""Pharmacy"":0,""Bank"":0,""Electronics Store"":0}",11,326,381,Governorate-level data used when wilayat-level data is unavailable. Coordinates are retained from the existing oman_locations.csv map reference because the official governorate/wilayat workbook does not include latitude or longitude. Registered Companies - Category and Governorate uses the latest detected worksheet: 2025.
dhofar_rakhyout,Rakhyout,Dhofar,Rakhyout,,,11,326,3,70,"{""Coffee Shop"":0,""Restaurant"":0,""Bakery"":0,""Abaya Store"":0,""Clothes Store"":0,""Perfume Store"":0,""Salon"":0,""Grocery"":0,""Flower Shop"":0,""Pharmacy"":0,""Bank"":1,""Electronics Store"":7}","{""Coffee Shop"":0,""Restaurant"":0,""Bakery"":0,""Abaya Store"":0,""Clothes Store"":0,""Perfume Store"":0,""Salon"":0,""Grocery"":0,""Flower Shop"":0,""Pharmacy"":0,""Bank"":0,""Electronics Store"":8}","{""Coffee Shop"":0,""Restaurant"":0,""Bakery"":0,""Abaya Store"":0,""Clothes Store"":0,""Perfume Store"":0,""Salon"":0,""Grocery"":0,""Flower Shop"":0,""Pharmacy"":0,""Bank"":0,""Electronics Store"":0}","{""Coffee Shop"":0,""Restaurant"":0,""Bakery"":0,""Abaya Store"":0,""Clothes Store"":10,""Perfume Store"":11,""Salon"":11,""Grocery"":2,""Flower Shop"":0,""Pharmacy"":0,""Bank"":0,""Electronics Store"":0}",11,326,73,Governorate-level data used when wilayat-level data is unavailable. Registered Companies - Category and Governorate uses the latest detected worksheet: 2025.
dhofar_sadah,Sadah,Dhofar,Sadah,,,11,326,1,242,"{""Coffee Shop"":0,""Restaurant"":0,""Bakery"":0,""Abaya Store"":0,""Clothes Store"":0,""Perfume Store"":0,""Salon"":0,""Grocery"":0,""Flower Shop"":0,""Pharmacy"":0,""Bank"":1,""Electronics Store"":7}","{""Coffee Shop"":0,""Restaurant"":0,""Bakery"":0,""Abaya Store"":0,""Clothes Store"":0,""Perfume Store"":0,""Salon"":0,""Grocery"":0,""Flower Shop"":0,""Pharmacy"":0,""Bank"":0,""Electronics Store"":8}","{""Coffee Shop"":0,""Restaurant"":0,""Bakery"":0,""Abaya Store"":0,""Clothes Store"":0,""Perfume Store"":0,""Salon"":0,""Grocery"":0,""Flower Shop"":0,""Pharmacy"":0,""Bank"":0,""Electronics Store"":0}","{""Coffee Shop"":0,""Restaurant"":0,""Bakery"":0,""Abaya Store"":0,""Clothes Store"":49,""Perfume Store"":4,""Salon"":4,""Grocery"":1,""Flower Shop"":0,""Pharmacy"":0,""Bank"":0,""Electronics Store"":0}",11,326,243,Governorate-level data used when wilayat-level data is unavailable. Registered Companies - Category and Governorate uses the latest detected worksheet: 2025.
dhofar_salalah,Salalah,Dhofar,Salalah,17.0193843,54.1107505,11,326,672,1608,"{""Coffee Shop"":0,""Restaurant"":0,""Bakery"":0,""Abaya Store"":0,""Clothes Store"":0,""Perfume Store"":0,""Salon"":0,""Grocery"":0,""Flower Shop"":0,""Pharmacy"":0,""Bank"":1,""Electronics Store"":7}","{""Coffee Shop"":0,""Restaurant"":0,""Bakery"":0,""Abaya Store"":0,""Clothes Store"":0,""Perfume Store"":0,""Salon"":0,""Grocery"":0,""Flower Shop"":0,""Pharmacy"":0,""Bank"":0,""Electronics Store"":8}","{""Coffee Shop"":0,""Restaurant"":0,""Bakery"":0,""Abaya Store"":0,""Clothes Store"":0,""Perfume Store"":0,""Salon"":0,""Grocery"":0,""Flower Shop"":0,""Pharmacy"":0,""Bank"":0,""Electronics Store"":0}","{""Coffee Shop"":0,""Restaurant"":0,""Bakery"":0,""Abaya Store"":0,""Clothes Store"":31,""Perfume Store"":125,""Salon"":125,""Grocery"":231,""Flower Shop"":31,""Pharmacy"":0,""Bank"":0,""Electronics Store"":0}",11,326,2280,Governorate-level data used when wilayat-level data is unavailable. Coordinates are retained from the existing oman_locations.csv map reference because the official governorate/wilayat workbook does not include latitude or longitude. Registered Companies - Category and Governorate uses the latest detected worksheet: 2025.
dhofar_taqah,Taqah,Dhofar,Taqah,17.0552467,54.379516,11,326,20,257,"{""Coffee Shop"":0,""Restaurant"":0,""Bakery"":0,""Abaya Store"":0,""Clothes Store"":0,""Perfume Store"":0,""Salon"":0,""Grocery"":0,""Flower Shop"":0,""Pharmacy"":0,""Bank"":1,""Electronics Store"":7}","{""Coffee Shop"":0,""Restaurant"":0,""Bakery"":0,""Abaya Store"":0,""Clothes Store"":0,""Perfume Store"":0,""Salon"":0,""Grocery"":0,""Flower Shop"":0,""Pharmacy"":0,""Bank"":0,""Electronics Store"":8}","{""Coffee Shop"":0,""Restaurant"":0,""Bakery"":0,""Abaya Store"":0,""Clothes Store"":0,""Perfume Store"":0,""Salon"":0,""Grocery"":0,""Flower Shop"":0,""Pharmacy"":0,""Bank"":0,""Electronics Store"":0}","{""Coffee Shop"":0,""Restaurant"":0,""Bakery"":0,""Abaya Store"":0,""Clothes Store"":27,""Perfume Store"":16,""Salon"":16,""Grocery"":16,""Flower Shop"":3,""Pharmacy"":0,""Bank"":0,""Electronics Store"":0}",11,326,277,Governorate-level data used when wilayat-level data is unavailable. Coordinates are retained from the existing oman_locations.csv map reference because the official governorate/wilayat workbook does not include latitude or longitude. Registered Companies - Category and Governorate uses the latest detected worksheet: 2025.
dhofar_thumrait,Thumrait,Dhofar,Thumrait,,,11,326,23,116,"{""Coffee Shop"":0,""Restaurant"":0,""Bakery"":0,""Abaya Store"":0,""Clothes Store"":0,""Perfume Store"":0,""Salon"":0,""Grocery"":0,""Flower Shop"":0,""Pharmacy"":0,""Bank"":1,""Electronics Store"":7}","{""Coffee Shop"":0,""Restaurant"":0,""Bakery"":0,""Abaya Store"":0,""Clothes Store"":0,""Perfume Store"":0,""Salon"":0,""Grocery"":0,""Flower Shop"":0,""Pharmacy"":0,""Bank"":0,""Electronics Store"":8}","{""Coffee Shop"":0,""Restaurant"":0,""Bakery"":0,""Abaya Store"":0,""Clothes Store"":0,""Perfume Store"":0,""Salon"":0,""Grocery"":0,""Flower Shop"":0,""Pharmacy"":0,""Bank"":0,""Electronics Store"":0}","{""Coffee Shop"":0,""Restaurant"":0,""Bakery"":0,""Abaya Store"":0,""Clothes Store"":1,""Perfume Store"":16,""Salon"":16,""Grocery"":2,""Flower Shop"":2,""Pharmacy"":0,""Bank"":0,""Electronics Store"":0}",11,326,139,Governorate-level data used when wilayat-level data is unavailable. Registered Companies - Category and Governorate uses the latest detected worksheet: 2025.
musandam_boukhae,Boukhae,Musandam,Boukhae,,,2,13,0,0,"{""Coffee Shop"":0,""Restaurant"":0,""Bakery"":0,""Abaya Store"":0,""Clothes Store"":0,""Perfume Store"":0,""Salon"":0,""Grocery"":0,""Flower Shop"":0,""Pharmacy"":0,""Bank"":0,""Electronics Store"":1}","{""Coffee Shop"":0,""Restaurant"":0,""Bakery"":0,""Abaya Store"":0,""Clothes Store"":0,""Perfume Store"":0,""Salon"":0,""Grocery"":0,""Flower Shop"":0,""Pharmacy"":0,""Bank"":0,""Electronics Store"":1}","{""Coffee Shop"":0,""Restaurant"":0,""Bakery"":0,""Abaya Store"":0,""Clothes Store"":0,""Perfume Store"":0,""Salon"":0,""Grocery"":0,""Flower Shop"":0,""Pharmacy"":0,""Bank"":0,""Electronics Store"":0}","{""Coffee Shop"":0,""Restaurant"":0,""Bakery"":0,""Abaya Store"":0,""Clothes Store"":0,""Perfume Store"":0,""Salon"":0,""Grocery"":0,""Flower Shop"":0,""Pharmacy"":0,""Bank"":0,""Electronics Store"":0}",2,13,0,Governorate-level data used when wilayat-level data is unavailable. Registered Companies - Category and Governorate uses the latest detected worksheet: 2025.
musandam_dibba,Dibba,Musandam,Dibba,,,2,13,0,0,"{""Coffee Shop"":0,""Restaurant"":0,""Bakery"":0,""Abaya Store"":0,""Clothes Store"":0,""Perfume Store"":0,""Salon"":0,""Grocery"":0,""Flower Shop"":0,""Pharmacy"":0,""Bank"":0,""Electronics Store"":1}","{""Coffee Shop"":0,""Restaurant"":0,""Bakery"":0,""Abaya Store"":0,""Clothes Store"":0,""Perfume Store"":0,""Salon"":0,""Grocery"":0,""Flower Shop"":0,""Pharmacy"":0,""Bank"":0,""Electronics Store"":1}","{""Coffee Shop"":0,""Restaurant"":0,""Bakery"":0,""Abaya Store"":0,""Clothes Store"":0,""Perfume Store"":0,""Salon"":0,""Grocery"":0,""Flower Shop"":0,""Pharmacy"":0,""Bank"":0,""Electronics Store"":0}","{""Coffee Shop"":0,""Restaurant"":0,""Bakery"":0,""Abaya Store"":0,""Clothes Store"":0,""Perfume Store"":0,""Salon"":0,""Grocery"":0,""Flower Shop"":0,""Pharmacy"":0,""Bank"":0,""Electronics Store"":0}",2,13,0,Governorate-level data used when wilayat-level data is unavailable. Registered Companies - Category and Governorate uses the latest detected worksheet: 2025.
musandam_khasab,Khasab,Musandam,Khasab,26.1644384,56.2426404,2,13,104,438,"{""Coffee Shop"":0,""Restaurant"":0,""Bakery"":0,""Abaya Store"":0,""Clothes Store"":0,""Perfume Store"":0,""Salon"":0,""Grocery"":0,""Flower Shop"":0,""Pharmacy"":0,""Bank"":0,""Electronics Store"":1}","{""Coffee Shop"":0,""Restaurant"":0,""Bakery"":0,""Abaya Store"":0,""Clothes Store"":0,""Perfume Store"":0,""Salon"":0,""Grocery"":0,""Flower Shop"":0,""Pharmacy"":0,""Bank"":0,""Electronics Store"":1}","{""Coffee Shop"":0,""Restaurant"":0,""Bakery"":0,""Abaya Store"":0,""Clothes Store"":0,""Perfume Store"":0,""Salon"":0,""Grocery"":0,""Flower Shop"":0,""Pharmacy"":0,""Bank"":0,""Electronics Store"":0}","{""Coffee Shop"":0,""Restaurant"":0,""Bakery"":0,""Abaya Store"":0,""Clothes Store"":7,""Perfume Store"":3,""Salon"":3,""Grocery"":19,""Flower Shop"":1,""Pharmacy"":0,""Bank"":0,""Electronics Store"":0}",2,13,542,Governorate-level data used when wilayat-level data is unavailable. Coordinates are retained from the existing oman_locations.csv map reference because the official governorate/wilayat workbook does not include latitude or longitude. Registered Companies - Category and Governorate uses the latest detected worksheet: 2025.
musandam_madha,Madha,Musandam,Madha,25.2919613,56.3320773,2,13,0,0,"{""Coffee Shop"":0,""Restaurant"":0,""Bakery"":0,""Abaya Store"":0,""Clothes Store"":0,""Perfume Store"":0,""Salon"":0,""Grocery"":0,""Flower Shop"":0,""Pharmacy"":0,""Bank"":0,""Electronics Store"":1}","{""Coffee Shop"":0,""Restaurant"":0,""Bakery"":0,""Abaya Store"":0,""Clothes Store"":0,""Perfume Store"":0,""Salon"":0,""Grocery"":0,""Flower Shop"":0,""Pharmacy"":0,""Bank"":0,""Electronics Store"":1}","{""Coffee Shop"":0,""Restaurant"":0,""Bakery"":0,""Abaya Store"":0,""Clothes Store"":0,""Perfume Store"":0,""Salon"":0,""Grocery"":0,""Flower Shop"":0,""Pharmacy"":0,""Bank"":0,""Electronics Store"":0}","{""Coffee Shop"":0,""Restaurant"":0,""Bakery"":0,""Abaya Store"":0,""Clothes Store"":0,""Perfume Store"":0,""Salon"":0,""Grocery"":0,""Flower Shop"":0,""Pharmacy"":0,""Bank"":0,""Electronics Store"":0}",2,13,0,Governorate-level data used when wilayat-level data is unavailable. Coordinates are retained from the existing oman_locations.csv map reference because the official governorate/wilayat workbook does not include latitude or longitude. Registered Companies - Category and Governorate uses the latest detected worksheet: 2025.
muscat_al_amarat,Al-Amarat,Muscat,Al-Amarat,,,209,1526,134,144,"{""Coffee Shop"":0,""Restaurant"":0,""Bakery"":0,""Abaya Store"":0,""Clothes Store"":0,""Perfume Store"":0,""Salon"":0,""Grocery"":0,""Flower Shop"":0,""Pharmacy"":0,""Bank"":26,""Electronics Store"":117}","{""Coffee Shop"":0,""Restaurant"":0,""Bakery"":0,""Abaya Store"":0,""Clothes Store"":0,""Perfume Store"":0,""Salon"":0,""Grocery"":0,""Flower Shop"":0,""Pharmacy"":0,""Bank"":0,""Electronics Store"":187}","{""Coffee Shop"":0,""Restaurant"":0,""Bakery"":0,""Abaya Store"":0,""Clothes Store"":0,""Perfume Store"":0,""Salon"":0,""Grocery"":0,""Flower Shop"":0,""Pharmacy"":0,""Bank"":0,""Electronics Store"":0}","{""Coffee Shop"":0,""Restaurant"":0,""Bakery"":0,""Abaya Store"":0,""Clothes Store"":3,""Perfume Store"":21,""Salon"":21,""Grocery"":57,""Flower Shop"":6,""Pharmacy"":0,""Bank"":0,""Electronics Store"":0}",209,1526,278,Governorate-level data used when wilayat-level data is unavailable. Registered Companies - Category and Governorate uses the latest detected worksheet: 2025.
muscat_bawshar,Bawshar,Muscat,Bawshar,,,209,1526,892,501,"{""Coffee Shop"":0,""Restaurant"":0,""Bakery"":0,""Abaya Store"":0,""Clothes Store"":0,""Perfume Store"":0,""Salon"":0,""Grocery"":0,""Flower Shop"":0,""Pharmacy"":0,""Bank"":26,""Electronics Store"":117}","{""Coffee Shop"":0,""Restaurant"":0,""Bakery"":0,""Abaya Store"":0,""Clothes Store"":0,""Perfume Store"":0,""Salon"":0,""Grocery"":0,""Flower Shop"":0,""Pharmacy"":0,""Bank"":0,""Electronics Store"":187}","{""Coffee Shop"":0,""Restaurant"":0,""Bakery"":0,""Abaya Store"":0,""Clothes Store"":0,""Perfume Store"":0,""Salon"":0,""Grocery"":0,""Flower Shop"":0,""Pharmacy"":0,""Bank"":0,""Electronics Store"":0}","{""Coffee Shop"":0,""Restaurant"":0,""Bakery"":0,""Abaya Store"":0,""Clothes Store"":12,""Perfume Store"":49,""Salon"":49,""Grocery"":299,""Flower Shop"":12,""Pharmacy"":0,""Bank"":0,""Electronics Store"":0}",209,1526,1393,Governorate-level data used when wilayat-level data is unavailable. Registered Companies - Category and Governorate uses the latest detected worksheet: 2025.
muscat_matrah,Matrah,Muscat,Matrah,,,209,1526,338,236,"{""Coffee Shop"":0,""Restaurant"":0,""Bakery"":0,""Abaya Store"":0,""Clothes Store"":0,""Perfume Store"":0,""Salon"":0,""Grocery"":0,""Flower Shop"":0,""Pharmacy"":0,""Bank"":26,""Electronics Store"":117}","{""Coffee Shop"":0,""Restaurant"":0,""Bakery"":0,""Abaya Store"":0,""Clothes Store"":0,""Perfume Store"":0,""Salon"":0,""Grocery"":0,""Flower Shop"":0,""Pharmacy"":0,""Bank"":0,""Electronics Store"":187}","{""Coffee Shop"":0,""Restaurant"":0,""Bakery"":0,""Abaya Store"":0,""Clothes Store"":0,""Perfume Store"":0,""Salon"":0,""Grocery"":0,""Flower Shop"":0,""Pharmacy"":0,""Bank"":0,""Electronics Store"":0}","{""Coffee Shop"":0,""Restaurant"":0,""Bakery"":0,""Abaya Store"":0,""Clothes Store"":2,""Perfume Store"":9,""Salon"":9,""Grocery"":185,""Flower Shop"":2,""Pharmacy"":0,""Bank"":0,""Electronics Store"":0}",209,1526,574,Governorate-level data used when wilayat-level data is unavailable. Registered Companies - Category and Governorate uses the latest detected worksheet: 2025.
muscat_muscat,Muscat,Muscat,Muscat,23.5880462,58.3828798,209,1526,133,83,"{""Coffee Shop"":0,""Restaurant"":0,""Bakery"":0,""Abaya Store"":0,""Clothes Store"":0,""Perfume Store"":0,""Salon"":0,""Grocery"":0,""Flower Shop"":0,""Pharmacy"":0,""Bank"":26,""Electronics Store"":117}","{""Coffee Shop"":0,""Restaurant"":0,""Bakery"":0,""Abaya Store"":0,""Clothes Store"":0,""Perfume Store"":0,""Salon"":0,""Grocery"":0,""Flower Shop"":0,""Pharmacy"":0,""Bank"":0,""Electronics Store"":187}","{""Coffee Shop"":0,""Restaurant"":0,""Bakery"":0,""Abaya Store"":0,""Clothes Store"":0,""Perfume Store"":0,""Salon"":0,""Grocery"":0,""Flower Shop"":0,""Pharmacy"":0,""Bank"":0,""Electronics Store"":0}","{""Coffee Shop"":0,""Restaurant"":0,""Bakery"":0,""Abaya Store"":0,""Clothes Store"":4,""Perfume Store"":10,""Salon"":10,""Grocery"":41,""Flower Shop"":3,""Pharmacy"":0,""Bank"":0,""Electronics Store"":0}",209,1526,216,Governorate-level data used when wilayat-level data is unavailable. Coordinates are retained from the existing oman_locations.csv map reference because the official governorate/wilayat workbook does not include latitude or longitude. Registered Companies - Category and Governorate uses the latest detected worksheet: 2025.
muscat_qurayyat,Qurayyat,Muscat,Qurayyat,,,209,1526,42,41,"{""Coffee Shop"":0,""Restaurant"":0,""Bakery"":0,""Abaya Store"":0,""Clothes Store"":0,""Perfume Store"":0,""Salon"":0,""Grocery"":0,""Flower Shop"":0,""Pharmacy"":0,""Bank"":26,""Electronics Store"":117}","{""Coffee Shop"":0,""Restaurant"":0,""Bakery"":0,""Abaya Store"":0,""Clothes Store"":0,""Perfume Store"":0,""Salon"":0,""Grocery"":0,""Flower Shop"":0,""Pharmacy"":0,""Bank"":0,""Electronics Store"":187}","{""Coffee Shop"":0,""Restaurant"":0,""Bakery"":0,""Abaya Store"":0,""Clothes Store"":0,""Perfume Store"":0,""Salon"":0,""Grocery"":0,""Flower Shop"":0,""Pharmacy"":0,""Bank"":0,""Electronics Store"":0}","{""Coffee Shop"":0,""Restaurant"":0,""Bakery"":0,""Abaya Store"":0,""Clothes Store"":2,""Perfume Store"":5,""Salon"":5,""Grocery"":18,""Flower Shop"":2,""Pharmacy"":0,""Bank"":0,""Electronics Store"":0}",209,1526,83,Governorate-level data used when wilayat-level data is unavailable. Registered Companies - Category and Governorate uses the latest detected worksheet: 2025.
muscat_seeb,Seeb,Muscat,Seeb,,,209,1526,930,865,"{""Coffee Shop"":0,""Restaurant"":0,""Bakery"":0,""Abaya Store"":0,""Clothes Store"":0,""Perfume Store"":0,""Salon"":0,""Grocery"":0,""Flower Shop"":0,""Pharmacy"":0,""Bank"":26,""Electronics Store"":117}","{""Coffee Shop"":0,""Restaurant"":0,""Bakery"":0,""Abaya Store"":0,""Clothes Store"":0,""Perfume Store"":0,""Salon"":0,""Grocery"":0,""Flower Shop"":0,""Pharmacy"":0,""Bank"":0,""Electronics Store"":187}","{""Coffee Shop"":0,""Restaurant"":0,""Bakery"":0,""Abaya Store"":0,""Clothes Store"":0,""Perfume Store"":0,""Salon"":0,""Grocery"":0,""Flower Shop"":0,""Pharmacy"":0,""Bank"":0,""Electronics Store"":0}","{""Coffee Shop"":0,""Restaurant"":0,""Bakery"":0,""Abaya Store"":0,""Clothes Store"":11,""Perfume Store"":127,""Salon"":127,""Grocery"":432,""Flower Shop"":21,""Pharmacy"":0,""Bank"":0,""Electronics Store"":0}",209,1526,1795,Governorate-level data used when wilayat-level data is unavailable. Registered Companies - Category and Governorate uses the latest detected worksheet: 2025.
